staff_date,start_hour,end_hour,agents
2026-01-01,7,15,3
2026-01-01,8,16,2
2026-01-01,10,18,2
2026-01-01,15,23,3
2026-01-02,7,15,3
2026-01-02,8,16,2
2026-01-02,10,18,2
2026-01-02,15,23,3
2026-01-03,7,15,3
2026-01-03,9,17,2
2026-01-03,15,23,3
2026-01-04,7,15,3
2026-01-04,8,16,2
2026-01-04,14,22,1
2026-01-04,15,23,2
2026-01-05,7,15,3
2026-01-05,8,16,2
2026-01-05,10,18,2
2026-01-05,15,23,3
2026-01-06,7,15,3
2026-01-06,8,16,2
2026-01-06,10,18,2
2026-01-06,15,23,3
2026-01-07,7,15,3
2026-01-07,8,16,2
2026-01-07,10,18,2
2026-01-07,15,23,3
2026-01-08,7,15,3
2026-01-08,9,17,2
2026-01-08,15,23,3
2026-01-09,7,15,3
2026-01-09,9,17,2
2026-01-09,15,23,3
2026-01-10,7,15,3
2026-01-10,8,16,2
2026-01-10,14,22,1
2026-01-10,15,23,2
2026-01-11,7,15,2
2026-01-11,8,16,3
2026-01-11,14,22,1
2026-01-11,15,23,2
2026-01-12,7,15,3
2026-01-12,9,17,2
2026-01-12,15,23,3
2026-01-13,7,15,3
2026-01-13,9,17,2
2026-01-13,15,23,3
2026-01-14,7,15,3
2026-01-14,9,17,2
2026-01-14,15,23,3
2026-01-15,7,15,3
2026-01-15,9,17,2
2026-01-15,15,23,3
2026-01-16,7,15,3
2026-01-16,9,17,2
2026-01-16,15,23,3
2026-01-17,7,15,3
2026-01-17,8,16,2
2026-01-17,14,22,1
2026-01-17,15,23,2
2026-01-18,7,15,2
2026-01-18,8,16,3
2026-01-18,14,22,1
2026-01-18,15,23,2
2026-01-19,7,15,3
2026-01-19,9,17,2
2026-01-19,15,23,3
2026-01-20,7,15,3
2026-01-20,9,17,2
2026-01-20,15,23,3
2026-01-21,7,15,3
2026-01-21,9,17,2
2026-01-21,15,23,3
2026-01-22,7,15,3
2026-01-22,9,17,2
2026-01-22,15,23,3
2026-01-23,7,15,3
2026-01-23,9,17,2
2026-01-23,15,23,3
2026-01-24,7,15,3
2026-01-24,8,16,2
2026-01-24,14,22,1
2026-01-24,15,23,2
2026-01-25,7,15,2
2026-01-25,8,16,3
2026-01-25,14,22,1
2026-01-25,15,23,2
2026-01-26,7,15,3
2026-01-26,9,17,2
2026-01-26,15,23,3
2026-01-27,7,15,3
2026-01-27,9,17,2
2026-01-27,15,23,3
2026-01-28,7,15,3
2026-01-28,9,17,2
2026-01-28,15,23,3
2026-01-29,7,15,3
2026-01-29,9,17,2
2026-01-29,15,23,3
2026-01-30,7,15,3
2026-01-30,9,17,2
2026-01-30,15,23,3
2026-01-31,7,15,3
2026-01-31,8,16,2
2026-01-31,14,22,1
2026-01-31,15,23,2
2026-02-01,7,15,3
2026-02-01,8,16,2
2026-02-01,14,22,1
2026-02-01,15,23,2
2026-02-02,7,15,3
2026-02-02,8,16,2
2026-02-02,10,18,2
2026-02-02,15,23,3
2026-02-03,7,15,3
2026-02-03,8,16,2
2026-02-03,10,18,2
2026-02-03,15,23,3
2026-02-04,7,15,3
2026-02-04,8,16,2
2026-02-04,10,18,2
2026-02-04,15,23,3
2026-02-05,7,15,3
2026-02-05,8,16,2
2026-02-05,10,18,2
2026-02-05,15,23,3
2026-02-06,7,15,3
2026-02-06,8,16,2
2026-02-06,10,18,2
2026-02-06,15,23,3
2026-02-07,7,15,3
2026-02-07,9,17,2
2026-02-07,15,23,3
2026-02-08,7,15,3
2026-02-08,8,16,2
2026-02-08,14,22,1
2026-02-08,15,23,2
2026-02-09,7,15,3
2026-02-09,8,16,2
2026-02-09,10,18,2
2026-02-09,15,23,3
2026-02-10,7,15,3
2026-02-10,8,16,2
2026-02-10,10,18,2
2026-02-10,15,23,3
2026-02-11,7,15,3
2026-02-11,8,16,2
2026-02-11,10,18,2
2026-02-11,15,23,3
2026-02-12,7,15,3
2026-02-12,8,16,2
2026-02-12,10,18,2
2026-02-12,15,23,3
2026-02-13,7,15,3
2026-02-13,8,16,2
2026-02-13,10,18,2
2026-02-13,15,23,3
2026-02-14,7,15,3
2026-02-14,9,17,2
2026-02-14,15,23,3
2026-02-15,7,15,3
2026-02-15,8,16,2
2026-02-15,14,22,1
2026-02-15,15,23,2
2026-02-16,7,15,3
2026-02-16,8,16,3
2026-02-16,11,19,2
2026-02-16,15,23,3
2026-02-17,7,15,3
2026-02-17,8,16,3
2026-02-17,10,18,2
2026-02-17,15,23,3
2026-02-18,7,15,3
2026-02-18,8,16,2
2026-02-18,10,18,2
2026-02-18,15,23,3
2026-02-19,7,15,3
2026-02-19,8,16,2
2026-02-19,10,18,2
2026-02-19,15,23,3
2026-02-20,7,15,3
2026-02-20,8,16,3
2026-02-20,10,18,2
2026-02-20,15,23,3
2026-02-21,7,15,3
2026-02-21,9,17,2
2026-02-21,15,23,3
2026-02-22,7,15,3
2026-02-22,8,16,2
2026-02-22,14,22,1
2026-02-22,15,23,2
2026-02-23,7,15,3
2026-02-23,8,16,2
2026-02-23,10,18,2
2026-02-23,15,23,3
2026-02-24,7,15,3
2026-02-24,8,16,2
2026-02-24,10,18,2
2026-02-24,15,23,3
2026-02-25,7,15,3
2026-02-25,8,16,2
2026-02-25,10,18,2
2026-02-25,15,23,3
2026-02-26,7,15,3
2026-02-26,8,16,2
2026-02-26,10,18,2
2026-02-26,15,23,3
2026-02-27,7,15,3
2026-02-27,8,16,2
2026-02-27,10,18,2
2026-02-27,15,23,3
2026-02-28,7,15,3
2026-02-28,9,17,2
2026-02-28,15,23,3
2026-03-01,7,15,3
2026-03-01,8,16,2
2026-03-01,14,22,1
2026-03-01,15,23,2
2026-03-02,7,15,3
2026-03-02,8,16,2
2026-03-02,10,18,2
2026-03-02,15,23,3
2026-03-03,7,15,3
2026-03-03,8,16,2
2026-03-03,10,18,2
2026-03-03,15,23,3
2026-03-04,7,15,3
2026-03-04,8,16,1
2026-03-04,9,17,2
2026-03-04,15,23,3
2026-03-05,7,15,3
2026-03-05,9,17,2
2026-03-05,15,23,3
2026-03-06,7,15,3
2026-03-06,8,16,2
2026-03-06,10,18,2
2026-03-06,15,23,3
2026-03-07,7,15,3
2026-03-07,8,16,2
2026-03-07,14,22,1
2026-03-07,15,23,2
2026-03-08,7,15,3
2026-03-08,8,16,2
2026-03-08,14,22,1
2026-03-08,15,23,2
2026-03-09,7,15,3
2026-03-09,8,16,2
2026-03-09,10,18,2
2026-03-09,15,23,3
2026-03-10,7,15,3
2026-03-10,8,16,2
2026-03-10,10,18,2
2026-03-10,15,23,3
2026-03-11,7,15,3
2026-03-11,8,16,1
2026-03-11,9,17,2
2026-03-11,15,23,3
2026-03-12,7,15,3
2026-03-12,9,17,2
2026-03-12,15,23,3
2026-03-13,7,15,3
2026-03-13,8,16,2
2026-03-13,10,18,2
2026-03-13,15,23,3
2026-03-14,7,15,3
2026-03-14,8,16,2
2026-03-14,14,22,1
2026-03-14,15,23,2
2026-03-15,7,15,3
2026-03-15,8,16,2
2026-03-15,14,22,1
2026-03-15,15,23,2
2026-03-16,7,15,3
2026-03-16,8,16,2
2026-03-16,10,18,2
2026-03-16,15,23,3
2026-03-17,7,15,3
2026-03-17,8,16,2
2026-03-17,10,18,2
2026-03-17,15,23,3
2026-03-18,7,15,3
2026-03-18,8,16,1
2026-03-18,9,17,2
2026-03-18,15,23,3
2026-03-19,7,15,3
2026-03-19,9,17,2
2026-03-19,15,23,3
2026-03-20,7,15,3
2026-03-20,8,16,2
2026-03-20,10,18,2
2026-03-20,15,23,3
2026-03-21,7,15,3
2026-03-21,8,16,2
2026-03-21,14,22,1
2026-03-21,15,23,2
2026-03-22,7,15,3
2026-03-22,8,16,2
2026-03-22,14,22,1
2026-03-22,15,23,2
2026-03-23,7,15,3
2026-03-23,8,16,2
2026-03-23,10,18,2
2026-03-23,15,23,3
2026-03-24,7,15,3
2026-03-24,8,16,2
2026-03-24,10,18,2
2026-03-24,15,23,3
2026-03-25,7,15,3
2026-03-25,8,16,1
2026-03-25,9,17,2
2026-03-25,15,23,3
2026-03-26,7,15,3
2026-03-26,9,17,2
2026-03-26,15,23,3
2026-03-27,7,15,3
2026-03-27,8,16,2
2026-03-27,10,18,2
2026-03-27,15,23,3
2026-03-28,7,15,3
2026-03-28,8,16,2
2026-03-28,14,22,1
2026-03-28,15,23,2
2026-03-29,7,15,3
2026-03-29,8,16,2
2026-03-29,14,22,1
2026-03-29,15,23,2
2026-03-30,7,15,3
2026-03-30,8,16,2
2026-03-30,10,18,2
2026-03-30,15,23,3
2026-03-31,7,15,3
2026-03-31,8,16,2
2026-03-31,10,18,2
2026-03-31,15,23,3
2026-04-01,7,15,3
2026-04-01,9,17,2
2026-04-01,15,23,3
2026-04-02,7,15,3
2026-04-02,9,17,2
2026-04-02,15,23,3
2026-04-03,7,15,3
2026-04-03,9,17,2
2026-04-03,15,23,3
2026-04-04,7,15,3
2026-04-04,8,16,2
2026-04-04,14,22,1
2026-04-04,15,23,2
2026-04-05,7,15,2
2026-04-05,8,16,3
2026-04-05,13,21,1
2026-04-05,15,23,2
2026-04-06,7,15,3
2026-04-06,9,17,2
2026-04-06,15,23,3
2026-04-07,7,15,3
2026-04-07,9,17,2
2026-04-07,15,23,3
2026-04-08,7,15,3
2026-04-08,8,16,2
2026-04-08,14,22,1
2026-04-08,15,23,2
2026-04-09,7,15,3
2026-04-09,8,16,2
2026-04-09,14,22,1
2026-04-09,15,23,2
2026-04-10,7,15,3
2026-04-10,9,17,2
2026-04-10,15,23,3
2026-04-11,7,15,2
2026-04-11,8,16,3
2026-04-11,14,22,1
2026-04-11,15,23,2
2026-04-12,7,15,2
2026-04-12,8,16,3
2026-04-12,13,21,1
2026-04-12,15,23,2
2026-04-13,7,15,3
2026-04-13,9,17,2
2026-04-13,15,23,3
2026-04-14,7,15,3
2026-04-14,9,17,2
2026-04-14,15,23,3
2026-04-15,7,15,3
2026-04-15,8,16,2
2026-04-15,14,22,1
2026-04-15,15,23,2
2026-04-16,7,15,3
2026-04-16,8,16,2
2026-04-16,14,22,1
2026-04-16,15,23,2
2026-04-17,7,15,3
2026-04-17,9,17,2
2026-04-17,15,23,3
2026-04-18,7,15,2
2026-04-18,8,16,3
2026-04-18,14,22,1
2026-04-18,15,23,2
2026-04-19,7,15,2
2026-04-19,8,16,3
2026-04-19,13,21,1
2026-04-19,15,23,2
2026-04-20,7,15,3
2026-04-20,9,17,2
2026-04-20,15,23,3
2026-04-21,7,15,3
2026-04-21,9,17,2
2026-04-21,15,23,3
2026-04-22,7,15,3
2026-04-22,8,16,2
2026-04-22,14,22,1
2026-04-22,15,23,2
2026-04-23,7,15,3
2026-04-23,8,16,2
2026-04-23,14,22,1
2026-04-23,15,23,2
2026-04-24,7,15,3
2026-04-24,9,17,2
2026-04-24,15,23,3
2026-04-25,7,15,2
2026-04-25,8,16,3
2026-04-25,14,22,1
2026-04-25,15,23,2
2026-04-26,7,15,2
2026-04-26,8,16,3
2026-04-26,13,21,1
2026-04-26,15,23,2
2026-04-27,7,15,3
2026-04-27,9,17,2
2026-04-27,15,23,3
2026-04-28,7,15,3
2026-04-28,9,17,2
2026-04-28,15,23,3
2026-04-29,7,15,3
2026-04-29,8,16,2
2026-04-29,14,22,1
2026-04-29,15,23,2
2026-04-30,7,15,3
2026-04-30,8,16,2
2026-04-30,14,22,1
2026-04-30,15,23,2
2026-05-01,7,15,3
2026-05-01,8,16,2
2026-05-01,14,22,1
2026-05-01,15,23,2
2026-05-02,7,15,2
2026-05-02,8,16,3
2026-05-02,13,21,1
2026-05-02,15,23,2
2026-05-03,7,15,2
2026-05-03,8,16,1
2026-05-03,13,21,1
2026-05-03,15,23,2
2026-05-04,7,15,3
2026-05-04,8,16,2
2026-05-04,14,22,1
2026-05-04,15,23,2
2026-05-05,7,15,3
2026-05-05,8,16,2
2026-05-05,14,22,1
2026-05-05,15,23,2
2026-05-06,7,15,3
2026-05-06,8,16,2
2026-05-06,14,22,1
2026-05-06,15,23,2
2026-05-07,7,15,3
2026-05-07,8,16,2
2026-05-07,14,22,1
2026-05-07,15,23,2
2026-05-08,7,15,3
2026-05-08,8,16,2
2026-05-08,14,22,1
2026-05-08,15,23,2
2026-05-09,7,15,2
2026-05-09,8,16,3
2026-05-09,13,21,1
2026-05-09,15,23,2
2026-05-10,7,15,2
2026-05-10,8,16,1
2026-05-10,13,21,1
2026-05-10,15,23,2
2026-05-11,7,15,3
2026-05-11,8,16,2
2026-05-11,14,22,1
2026-05-11,15,23,2
2026-05-12,7,15,3
2026-05-12,8,16,2
2026-05-12,14,22,1
2026-05-12,15,23,2
2026-05-13,7,15,3
2026-05-13,8,16,2
2026-05-13,14,22,1
2026-05-13,15,23,2
2026-05-14,7,15,3
2026-05-14,8,16,2
2026-05-14,14,22,1
2026-05-14,15,23,2
2026-05-15,7,15,3
2026-05-15,8,16,2
2026-05-15,14,22,1
2026-05-15,15,23,2
2026-05-16,7,15,2
2026-05-16,8,16,3
2026-05-16,13,21,1
2026-05-16,15,23,2
2026-05-17,7,15,2
2026-05-17,8,16,1
2026-05-17,13,21,1
2026-05-17,15,23,2
2026-05-18,7,15,3
2026-05-18,8,16,2
2026-05-18,14,22,1
2026-05-18,15,23,2
2026-05-19,7,15,3
2026-05-19,8,16,2
2026-05-19,14,22,1
2026-05-19,15,23,2
2026-05-20,7,15,3
2026-05-20,8,16,2
2026-05-20,14,22,1
2026-05-20,15,23,2
2026-05-21,7,15,3
2026-05-21,8,16,2
2026-05-21,14,22,1
2026-05-21,15,23,2
2026-05-22,7,15,3
2026-05-22,8,16,2
2026-05-22,14,22,1
2026-05-22,15,23,2
2026-05-23,7,15,2
2026-05-23,8,16,3
2026-05-23,13,21,1
2026-05-23,15,23,2
2026-05-24,7,15,2
2026-05-24,8,16,1
2026-05-24,13,21,1
2026-05-24,15,23,2
2026-05-25,7,15,3
2026-05-25,8,16,2
2026-05-25,14,22,1
2026-05-25,15,23,2
2026-05-26,7,15,3
2026-05-26,8,16,2
2026-05-26,14,22,1
2026-05-26,15,23,2
2026-05-27,7,15,3
2026-05-27,8,16,2
2026-05-27,14,22,1
2026-05-27,15,23,2
2026-05-28,7,15,3
2026-05-28,8,16,2
2026-05-28,14,22,1
2026-05-28,15,23,2
2026-05-29,7,15,3
2026-05-29,8,16,2
2026-05-29,14,22,1
2026-05-29,15,23,2
2026-05-30,7,15,2
2026-05-30,8,16,3
2026-05-30,13,21,1
2026-05-30,15,23,2
2026-05-31,7,15,2
2026-05-31,8,16,1
2026-05-31,13,21,1
2026-05-31,15,23,2
2026-06-01,7,15,3
2026-06-01,9,17,2
2026-06-01,15,23,3
2026-06-02,7,15,3
2026-06-02,8,16,2
2026-06-02,15,23,3
2026-06-03,7,15,3
2026-06-03,8,16,2
2026-06-03,14,22,1
2026-06-03,15,23,2
2026-06-04,7,15,3
2026-06-04,8,16,2
2026-06-04,14,22,1
2026-06-04,15,23,2
2026-06-05,7,15,3
2026-06-05,8,16,2
2026-06-05,15,23,3
2026-06-06,7,15,2
2026-06-06,8,16,3
2026-06-06,14,22,1
2026-06-06,15,23,2
2026-06-07,7,15,2
2026-06-07,8,16,3
2026-06-07,13,21,1
2026-06-07,15,23,2
2026-06-08,7,15,3
2026-06-08,9,17,2
2026-06-08,15,23,3
2026-06-09,7,15,3
2026-06-09,8,16,2
2026-06-09,15,23,3
2026-06-10,7,15,3
2026-06-10,8,16,2
2026-06-10,14,22,1
2026-06-10,15,23,2
2026-06-11,7,15,3
2026-06-11,8,16,2
2026-06-11,14,22,1
2026-06-11,15,23,2
2026-06-12,7,15,3
2026-06-12,8,16,2
2026-06-12,15,23,3
2026-06-13,7,15,2
2026-06-13,8,16,3
2026-06-13,14,22,1
2026-06-13,15,23,2
2026-06-14,7,15,2
2026-06-14,8,16,3
2026-06-14,13,21,1
2026-06-14,15,23,2
2026-06-15,7,15,3
2026-06-15,8,16,3
2026-06-15,10,18,2
2026-06-15,15,23,3
2026-06-16,7,15,3
2026-06-16,8,16,2
2026-06-16,10,18,2
2026-06-16,15,23,3
2026-06-17,7,15,3
2026-06-17,8,16,2
2026-06-17,10,18,2
2026-06-17,15,23,3
2026-06-18,7,15,3
2026-06-18,8,16,2
2026-06-18,10,18,2
2026-06-18,15,23,3
2026-06-19,7,15,3
2026-06-19,8,16,2
2026-06-19,10,18,2
2026-06-19,15,23,3
2026-06-20,7,15,3
2026-06-20,9,17,2
2026-06-20,15,23,3
2026-06-21,7,15,3
2026-06-21,8,16,2
2026-06-21,14,22,1
2026-06-21,15,23,2
2026-06-22,7,15,3
2026-06-22,8,16,3
2026-06-22,10,18,2
2026-06-22,15,23,3
2026-06-23,7,15,3
2026-06-23,8,16,2
2026-06-23,10,18,2
2026-06-23,15,23,3
2026-06-24,7,15,3
2026-06-24,8,16,2
2026-06-24,10,18,2
2026-06-24,15,23,3
2026-06-25,7,15,3
2026-06-25,8,16,2
2026-06-25,10,18,2
2026-06-25,15,23,3
2026-06-26,7,15,3
2026-06-26,8,16,2
2026-06-26,10,18,2
2026-06-26,15,23,3
2026-06-27,7,15,3
2026-06-27,9,17,2
2026-06-27,15,23,3
2026-06-28,7,15,3
2026-06-28,8,16,2
2026-06-28,14,22,1
2026-06-28,15,23,2
2026-06-29,7,15,3
2026-06-29,8,16,3
2026-06-29,10,18,2
2026-06-29,15,23,3
2026-06-30,7,15,3
2026-06-30,8,16,2
2026-06-30,10,18,2
2026-06-30,15,23,3
